SAMPLE_01/ARTIC/medaka MN908947.3	21H	21991:ACT	N:T204I ORF1a:T1054A ORF1a:T1537I ORF1a:T3254I ORF1a:Q3728R ORF1b:G218D ORF1b:P313L ORF1b:D794N ORF1b:P1341S ORF8:T10K ORF8:P37S ORF8:S66F S:T94I S:Y144N S:R345K S:D613G S:P680H S:D949N	C3036T A3427G C4877T C6036T C10028T A11450G A13056T G14122A C14407T G15849A C17490T C18876T T19034C C20147T C21845T T21994A G22598A A23402G C23603A G24409A G25562T A26491T C27924A C28004T C28092T A28271T C28886T	T1537I D613G T10K T1054A 
SAMPLE_02/ARTIC/medaka MN908947.3	21H	21991:ACT	N:T204I ORF1a:I452T ORF1a:T1054A ORF1a:T1537I ORF1a:T3254I ORF1a:Q3728R ORF1b:P313L ORF1b:P1341S ORF8:T10K ORF8:P37S ORF8:S66F S:T94I S:Y144N S:R345K S:E483K S:N500Y S:D613G S:P680H S:D949N	T1622C C3036T A3427G C4877T C6036T C6967T C7944T T9981C C10028T A11450G A13056T C14407T C17490T C18876T T19034C C20147T C21845T T21994A T22237C G22598A G23011A A23062T A23402G C23603A G24409A G25562T C25707T A26491T C27924A C28004T C28092T A28271T T28617A C28886T	T1537I D613G T10K T1054A 
SAMPLE_03/ARTIC/medaka MN908947.3	21H	21991:ACT	ORF1a:T1054A ORF1a:A1379T ORF1a:T1537I ORF1a:T3254I ORF1a:Q3728R ORF1b:P313L ORF1b:M619I ORF1b:P1341S ORF8:T10K ORF8:P37S ORF8:S66F S:T94I S:Y144N S:R345K S:E483K S:N500Y S:D613G S:P680H S:D949N	C3036T A3427G G4402A C4877T C6036T C10028T A11450G A13056T C14407T G15326T C17490T C18876T T19034C C20147T C21845T T21994A G22598A G23011A A23062T A23402G C23603A G24409A G25562T A26491T C27924A C28004T C28092T A28271T	T1537I D613G T10K T1054A 
SAMPLE_04/ARTIC/medaka MN908947.3	21H	21991:ACT	N:T204I ORF1a:T1054A ORF1a:T1537I ORF1a:T3254I ORF1a:Q3728R ORF1b:T16I ORF1b:P313L ORF1b:P1094H ORF1b:P1341S ORF1b:V1648F ORF1b:M2413I ORF8:T10K ORF8:P37S ORF8:S66F ORF9b:R31L S:T94I S:Y144N S:R345K S:E483K S:N500Y S:D613G S:P680H S:D949N	C3036T A3427G C4877T C6036T C10028T A11450G A13056T C13516T C14407T C16750A C17490T G18411T C18876T T19034C C20147T G20708T C21845T T21994A G22598A G23011A A23062T A23402G C23603A G24409A G25562T A26491T C27924A C28004T C28092T A28271T G28377T C28886T C29749T	T1537I D613G T10K T1054A 
SAMPLE_05/ARTIC/medaka MN908947.3	21H	21991:ACT	N:T204I ORF1a:T1054A ORF1a:T1537I ORF1a:T3254I ORF1a:Q3728R ORF1b:T283I ORF1b:P313L ORF1b:P1341S ORF1b:P1413S ORF8:T10K ORF8:P37S ORF8:S66F S:T94I S:Y144N S:R345K S:E483K S:N500Y S:D613G S:P680H S:D949N	C240T C3036T A3427G C4877T C5191T C6036T C10028T C10449T A11450G A13056T C14317T C14407T C17490T C17706T C18876T T19034C C20147T C21845T T21994A G22598A G23011A A23062T A23402G C23603A G24409A G25562T A26491T C27924A C28004T C28092T A28271T C28886T G29778T	T1537I D613G T10K T1054A 
SAMPLE_06/ARTIC/medaka MN908947.3	21G (Lambda)	NA	N:P12L N:R202K N:G203R N:G213C N:T365I ORF1a:M1013I ORF1a:T1245I ORF1a:P2286S ORF1a:F2386V ORF1a:L3200P ORF1a:T3254I ORF1a:G3277S ORF1b:P313L ORF1b:P1566L ORF6:T9I ORF9b:P9S S:G74V S:T75I S:D252N S:L451Q S:F489S S:D613G S:T858N	C240T C3036T G3306T C4001T C7123T T7423G C9856T T9866C C10028T G10096A T11427A C13535T C14407T T17228C C18166T G21785T C21788T T22916A T23030C A23402G C23730T C24137A C26893T C27229T C28252T A28270T C28310T G28880A G28881A G28882C G28912T C29369T C29749T	T365I D613G 
SAMPLE_07/ARTIC/medaka MN908947.3	21H	NA	N:T204I ORF1a:T1054A ORF1a:T1537I ORF1a:T3254I ORF1b:G218D ORF1b:P313L ORF1b:Q812H ORF3a:Q56H ORF8:T10K ORF8:P37S ORF8:S66F S:R345K S:D613G S:P680H S:D949N	A3427G C4877T C10028T A13056T G14122A C14407T G15905T C18876T T19034C G22598A A23402G C23603A G24409A G25562T C27924A C28004T C28092T A28271T C28886T	T1537I D613G T10K T1054A 
SAMPLE_08/ARTIC/medaka MN908947.3	20J (Gamma, V3)	NA	N:P79R N:R202K N:G203R ORF1a:S1187L ORF1a:K1794Q ORF1a:T2120I ORF1b:P313L ORF1b:E1263D ORF1b:D2332N ORF1b:P2632S ORF3a:S252P ORF8:E91K ORF9b:Q76E S:L17F S:T19N S:P25S S:D137Y S:R189S S:K416T S:E483K S:N500Y S:D613G S:H654Y S:T1026I S:V1175F	C474T T732C C2748T C3036T G3402T C3827T A5647C A6318G A6612G C6626T C10407T C12777T C13859T C14407T G17258T G20463A C21363T C21613T C21620A C21637T G21973T G22131T A22811C G23011A A23062T A23402G C23524T C24641T G25087T T26148C G28166A C28511G A28876T G28877C G28880A G28881A G28882C G29542T C29773T	D613G 
SAMPLE_09/ARTIC/medaka MN908947.3	20B	NA	N:S1Y N:R202K N:G203R N:T365I ORF1a:L1174F ORF1a:A1648V ORF1a:L3482F ORF1a:V3717F ORF1b:P313L ORF1b:E2273G ORF3a:G173D ORF7b:E32K S:S154I S:D613G S:P811S S:G1166A	C3036T A3789T C5210T G9801T C10711T G11416T C14407T T14909C T15641C G16646T C17549T C17675T A20287G G22025T A23402G C23995T A24579T G25061C C25520T C25586T C25625T G25912A T27124C G27851A C28277A G28880A G28881A G28882C C29369T	T365I D613G 
SAMPLE_10/ARTIC/medaka MN908947.3	21H	21991:ACT	N:T204I ORF1a:T1054A ORF1a:T1537I ORF1a:T3254I ORF1a:Q3728R ORF1b:P313L ORF1b:C952S ORF1b:P1341S ORF8:T10K ORF8:P37S ORF8:S66F S:T94I S:Y144N S:R345K S:E483K S:N500Y S:D613G S:P680H S:D949N	C240T C3036T A3427G C4877T C6036T C7839T C10028T A11450G A13056T C14407T C16307T T16323A C17490T C18876T T19034C C20147T C21845T T21994A G22598A G23011A A23062T A23402G C23603A G24409A G25562T G26055T A26491T C27924A C28004T C28092T A28271T C28886T	T1537I D613G T10K T1054A 
SAMPLE_11/ARTIC/medaka MN908947.3	21G (Lambda)	NA	N:P12L N:R202K N:G203R N:G213C N:S326L N:T365I ORF1a:E268D ORF1a:T1245I ORF1a:P2286S ORF1a:F2386V ORF1a:L3200P ORF1a:T3254I ORF1a:G3277S ORF1b:P313L ORF9b:P9S S:G74V S:T75I S:A242S S:L451Q S:F489S S:D613G S:T858N S:A878S	C240T A1071C C3036T C4001T C7123T T7423G C9856T T9866C C10028T G10096A C13535T C14407T A16043G G21785T C21788T G22288T T22916A T23030C A23402G C23730T C24137A G24196T C26893T G27650T C28252T A28270T C28310T G28880A G28881A G28882C G28912T C29252T C29310T C29369T	T365I D613G 
SAMPLE_12/ARTIC/medaka MN908947.3	21H	21991:ACT	N:T204I ORF1a:E40K ORF1a:T1054A ORF1a:T1537I ORF1a:T3254I ORF1a:Q3728R ORF1b:P313L ORF1b:I1073V ORF1b:P1341S ORF8:T10K ORF8:P37S ORF8:S66F	G385A C3036T A3427G C4877T C6036T C10028T A11450G A13056T C14407T A16686G C17490T C18876T T19034C C20147T C21845T T21994A G22598A G23011A A23062T A23402G C23603A G24409A G25562T A26491T C27924A C28004T C28092T A28271T C28886T	T1537I T10K T1054A 
SAMPLE_13/ARTIC/medaka MN908947.3	21H	21991:ACT	N:T204I ORF1a:T1054A ORF1a:T1537I ORF1a:A2127V ORF1a:T3254I ORF1a:Q3728R ORF1b:P313L ORF1b:Y511C ORF1b:P1341S ORF1b:H2387Y ORF8:T10K ORF8:P37S ORF8:S66F S:T94I S:Y144N S:R345K S:E483K S:N500Y S:D613G S:P680H S:D949N	C240T C3036T A3427G C4877T C6036T C6647T T7125C C10028T A11450G A13056T C14407T A15001G C17490T T18125A C18876T C20147T C20628T T21441C C21845T T21994A G22598A G23011A A23062T A23402G C23603A G24409A G25562T A26491T C27924A C28004T C28092T A28271T C28886T	T1537I D613G T10K T1054A 
SAMPLE_14/ARTIC/medaka MN908947.3	21G (Lambda)	NA	N:P12L N:R202K N:G203R N:G213C N:T365I ORF1a:M1013I ORF1a:T1245I ORF1a:P2286S ORF1a:F2386V ORF1a:L3200P ORF1a:T3254I ORF1a:G3277S ORF1b:P313L ORF6:T9I ORF9b:P9S S:G74V S:T75I S:L451Q S:F489S S:D613G S:T858N S:T1119I	C240T C3036T G3306T C4001T C7123T T7423G C9856T T9866C C10028T G10096A T11427A C13535T C14407T T17228C G21785T C21788T T22916A T23030C A23402G C23730T C24137A C24920T C26893T C27229T C28252T A28270T C28310T G28880A G28881A G28882C G28912T C29310T C29369T C29749T	T365I D613G 
SAMPLE_15/ARTIC/medaka MN908947.3	21H	21991:ACT	N:T204I ORF1a:A497V ORF1a:T1054A ORF1a:T1537I ORF1a:T3254I ORF1a:Q3728R ORF1b:P313L ORF1b:P1341S ORF1b:P1413S ORF8:T10K ORF8:P37S ORF8:S66F S:T94I S:Y144N S:R345K S:E483K S:N500Y S:D613G S:P680H S:D949N	C1757T C3036T A3427G C4877T C5191T C6036T C10028T A11450G A13056T G13919A C14407T C17490T C17706T C18876T T19034C C20147T C21845T T21994A G22598A G23011A A23062T A23402G C23603A G24409A G25562T A26491T C27924A C28004T C28092T A28271T C28886T G29778T	T1537I D613G T10K T1054A 
SAMPLE_16/ARTIC/medaka MN908947.3	21H	21991:ACT	N:T204I ORF1a:T1054A ORF1a:T1170I ORF1a:T1537I ORF1a:T3254I ORF1a:Q3728R ORF1b:P313L ORF1b:P1094H ORF1b:P1341S ORF1b:V1648F ORF8:T10K ORF8:P37S ORF8:S66F ORF9b:R31L S:T94I S:Y144N S:R345K S:E483K S:N500Y S:D613G S:P680H S:D949N	C3036T A3427G C3776T C4877T C6036T C10028T A11450G A13056T C14407T C15539T C16750A C17490T G18411T C18876T T19034C C20147T C21845T T21994A G22598A G23011A A23062T A23402G C23603A G24409A G25562T C25790T A26491T C27924A C28004T C28092T A28271T G28377T C28886T C29626T	T1537I D613G T10K T1054A 
SAMPLE_17/ARTIC/medaka MN908947.3	21H	21991:ACT	N:T204I ORF1a:T1054A ORF1a:A1379T ORF1a:T1537I ORF1a:T3254I ORF1a:Q3728R ORF1b:P313L ORF1b:M619I ORF1b:P1341S ORF7a:K116R ORF8:T10K ORF8:P37S ORF8:S66F S:T94I S:Y144N S:R345K S:E483K S:N500Y S:D613G S:P680H S:D949N	C3036T A3427G G4402A C4877T C6036T C10028T A11450G A13056T C14407T G15326T C17490T C18876T T19034C C20147T C21845T T21994A G22598A G23011A A23062T A23402G C23603A G24409A G25562T A26491T A27742G C27924A C28004T C28092T A28271T C28886T	T1537I D613G T10K T1054A 
